campaign_id,campaign_name,channel,start_date,end_date,budget_eur,impressions,clicks,leads_generated,target_segment,target_industry
CMP0001,Industry Focus — Google Ads — Aug 2024,Google Ads,2024-08-25,2024-11-23,17026.32,1359096,48946,2182,Standard,Tech & SaaS
CMP0002,Year-End Drive — LinkedIn Ads — Mar 2026,LinkedIn Ads,2026-03-09,2026-04-08,10883.44,511018,10404,561,Premium,Services B2B
CMP0003,Q1 Acquisition — Meta Ads — Oct 2025,Meta Ads,2025-10-07,2025-11-21,34932.79,3597803,92925,3392,All,All
CMP0004,Brand Awareness — Google Ads — Nov 2024,Google Ads,2024-11-18,2025-01-17,17514.84,1765266,71045,4323,All,Tech & SaaS
CMP0005,Back-to-Business — Google Ads — Sep 2025,Google Ads,2025-09-25,2025-11-09,10156.35,565959,11871,673,Premium,Finance & Assurance
CMP0006,Webinar Series — Meta Ads — Jul 2025,Meta Ads,2025-07-13,2025-08-12,32895.1,4525463,111166,6362,Starter,Tech & SaaS
CMP0007,Q4 Sprint — Email Campaign — Jun 2024,Email Campaign,2024-06-12,2024-06-26,30500.7,21246307,520898,74639,Standard,Tech & SaaS
CMP0008,Spring Push — Email Campaign — Nov 2024,Email Campaign,2024-11-20,2024-12-11,2294.69,2116898,108679,13859,Starter,Santé & Pharma
CMP0009,Brand Awareness — Google Ads — Feb 2025,Google Ads,2025-02-14,2025-05-15,22415.28,1295045,58159,2981,Premium,Finance & Assurance
CMP0010,Back-to-Business — Email Campaign — Mar 2024,Email Campaign,2024-03-29,2024-05-13,9678.26,3265984,168336,26204,All,Services B2B
CMP0011,Back-to-Business — LinkedIn Ads — Nov 2024,LinkedIn Ads,2024-11-06,2025-02-04,6446.16,272189,4423,293,Standard,Education & Formation
CMP0012,Summer Boost — Email Campaign — Mar 2025,Email Campaign,2025-03-22,2025-04-21,26169.28,16876340,898732,154085,Starter,Tech & SaaS
CMP0013,Year-End Drive — Meta Ads — Nov 2025,Meta Ads,2025-11-03,2026-01-02,14114.72,2350197,53491,2083,Premium,Tech & SaaS
CMP0014,Summer Boost — Content/SEO — Jul 2024,Content/SEO,2024-07-15,2024-10-13,4090.28,696970,49451,1458,Starter,All
CMP0015,Q1 Acquisition — Email Campaign — Sep 2024,Email Campaign,2024-09-21,2024-12-20,12626.79,10588391,490831,41415,All,Tech & SaaS
CMP0016,Q1 Acquisition — Google Ads — Feb 2025,Google Ads,2025-02-02,2025-02-16,3049.97,211546,5639,250,Starter,Industrie & Manufacturing
CMP0017,Upsell Drive — Meta Ads — May 2025,Meta Ads,2025-05-12,2025-05-26,2431.84,181911,4204,279,All,Services B2B
CMP0018,Q4 Sprint — LinkedIn Ads — Apr 2025,LinkedIn Ads,2025-04-03,2025-05-18,29126.88,1304661,11730,903,Starter,All
CMP0019,Upsell Drive — LinkedIn Ads — Jun 2024,LinkedIn Ads,2024-06-26,2024-08-25,5204.94,242912,4138,212,Starter,Retail & E-commerce
CMP0020,Spring Push — Events/Webinar — Apr 2025,Events/Webinar,2025-04-03,2025-06-02,15701.09,324127,36905,8888,Standard,Finance & Assurance
CMP0021,Industry Focus — Google Ads — May 2024,Google Ads,2024-05-28,2024-07-12,18654.86,1279893,39698,1984,All,All
CMP0022,Product Launch — Events/Webinar — Sep 2024,Events/Webinar,2024-09-23,2024-10-23,15607.33,172153,22830,5364,Standard,Industrie & Manufacturing
CMP0023,Q1 Acquisition — Content/SEO — Jan 2026,Content/SEO,2026-01-30,2026-03-01,13880.28,3643487,284160,5685,Premium,Retail & E-commerce
CMP0024,Q4 Sprint — Email Campaign — Mar 2026,Email Campaign,2026-03-26,2026-04-25,2216.77,746691,21350,2380,All,All
CMP0025,Retention Push — Events/Webinar — Feb 2025,Events/Webinar,2025-02-23,2025-04-24,32555.44,621557,33423,8036,Premium,Santé & Pharma
CMP0026,Summer Boost — Google Ads — Jul 2024,Google Ads,2024-07-29,2024-08-28,5032.87,419476,17843,1011,All,All
CMP0027,Spring Push — Meta Ads — Jan 2026,Meta Ads,2026-01-08,2026-04-08,21015.67,1584743,34713,1215,All,Industrie & Manufacturing
CMP0028,Upsell Drive — Content/SEO — Jan 2026,Content/SEO,2026-01-26,2026-02-25,13481.7,2558893,130058,8244,All,Retail & E-commerce
CMP0029,Industry Focus — Events/Webinar — Feb 2026,Events/Webinar,2026-02-01,2026-05-02,27654.81,391716,31524,5895,Starter,Tech & SaaS
CMP0030,Q4 Sprint — Content/SEO — May 2024,Content/SEO,2024-05-05,2024-08-03,26142.09,7319575,382673,19040,Starter,Retail & E-commerce
CMP0031,Brand Awareness — Content/SEO — May 2024,Content/SEO,2024-05-01,2024-05-31,4723.99,1102251,35785,1429,Premium,Services B2B
CMP0032,Back-to-Business — LinkedIn Ads — Apr 2024,LinkedIn Ads,2024-04-20,2024-06-19,8537.58,498133,8823,649,All,Services B2B
CMP0033,Year-End Drive — LinkedIn Ads — Sep 2025,LinkedIn Ads,2025-09-29,2025-10-29,24596.35,1262112,12511,810,Standard,Tech & SaaS
CMP0034,Back-to-Business — Email Campaign — Jan 2024,Email Campaign,2024-01-20,2024-02-19,7585.42,4463501,235955,37818,Starter,Services B2B
CMP0035,Q4 Sprint — Google Ads — Nov 2024,Google Ads,2024-11-02,2025-01-31,30141.22,3303611,54959,3706,All,All
CMP0036,Q4 Sprint — LinkedIn Ads — Jul 2025,LinkedIn Ads,2025-07-23,2025-08-06,12068.9,665852,9083,766,Standard,Industrie & Manufacturing
CMP0037,Q1 Acquisition — Email Campaign — May 2025,Email Campaign,2025-05-26,2025-06-16,24937.35,10672854,374235,63845,Starter,Retail & E-commerce
CMP0038,Upsell Drive — Google Ads — Oct 2025,Google Ads,2025-10-09,2025-12-08,10952.29,865820,37537,875,Starter,Finance & Assurance
CMP0039,Year-End Drive — Meta Ads — Mar 2024,Meta Ads,2024-03-29,2024-04-28,30624.54,2735484,40002,1561,All,Tech & SaaS
CMP0040,Industry Focus — Meta Ads — May 2025,Meta Ads,2025-05-05,2025-05-19,8151.77,814752,15610,1035,Premium,Retail & E-commerce
CMP0041,Industry Focus — Google Ads — Feb 2025,Google Ads,2025-02-06,2025-05-07,7181.17,626202,16004,820,Standard,All
CMP0042,Summer Boost — Google Ads — Feb 2024,Google Ads,2024-02-20,2024-03-21,30996.35,1833667,72330,1553,Starter,Retail & E-commerce
CMP0043,Back-to-Business — Meta Ads — Nov 2024,Meta Ads,2024-11-18,2024-12-09,4897.24,540674,15794,799,Starter,Retail & E-commerce
CMP0044,Back-to-Business — Email Campaign — Dec 2024,Email Campaign,2024-12-16,2025-01-15,32021.27,19306559,804877,81031,Premium,Services B2B
CMP0045,Retention Push — Events/Webinar — Sep 2024,Events/Webinar,2024-09-10,2024-12-09,31655.22,280718,26108,8733,All,Finance & Assurance
CMP0046,Year-End Drive — Events/Webinar — Sep 2024,Events/Webinar,2024-09-17,2024-11-16,19587.73,200786,13736,4432,Premium,Tech & SaaS
CMP0047,Back-to-Business — Events/Webinar — Dec 2024,Events/Webinar,2024-12-05,2025-01-19,12010.49,120528,15930,4592,All,Tech & SaaS
CMP0048,Spring Push — LinkedIn Ads — May 2024,LinkedIn Ads,2024-05-31,2024-07-30,22359.23,1125113,20713,1569,Standard,Tech & SaaS
CMP0049,Summer Boost — Content/SEO — Jan 2025,Content/SEO,2025-01-26,2025-03-27,29922.56,7721843,482448,14086,Standard,Services B2B
CMP0050,Summer Boost — Google Ads — Jan 2024,Google Ads,2024-01-27,2024-02-10,32539.36,1859181,40300,2158,Standard,Retail & E-commerce
